Customer_ID,Age,Employment_Status,Annual_Income,Loan_Amount,Loan_Purpose,Credit_History_Length,Number_of_Late_Payments,Current_Debt,Credit_Utilization_Ratio,Debt_to_Income_Ratio,Number_of_Open_Accounts,Loan_Status
1,56,Employed,33615,33252,Home,15,1,25988,0.07,0.72,10,0
2,69,Employed,45253,4832,Home,18,9,35507,0.73,0.16,10,0
3,46,Employed,68196,26275,Education,15,3,99244,0.56,0.85,13,0
4,32,Employed,52125,15901,Car,2,4,98644,0.36,0.73,2,1
5,60,Employed,84789,39213,Personal,13,1,95251,0.81,0.84,3,0
6,25,Employed,55899,35148,Home,4,9,23806,0.39,0.3,3,0
7,38,Employed,52880,43633,Education,10,0,36901,0.8,0.32,6,0
8,56,Employed,45363,23918,Home,13,6,17043,0.31,0.67,3,1
9,36,Employed,52003,47694,Home,10,9,75761,0.07,0.03,11,0
10,40,Unemployed,47712,20540,Home,9,0,9752,0.93,0.73,5,0
11,28,Employed,60621,12580,Home,8,7,68993,0.39,0.84,4,1
12,28,Employed,64350,39402,Car,3,2,42616,0.79,0.42,3,0
13,41,Unemployed,38210,39578,Personal,16,9,52127,0.28,0.76,8,1
14,53,Employed,30031,25917,Car,14,5,74777,0.65,0.17,14,0
15,57,Employed,22456,23318,Home,9,6,453,0.87,0.32,10,0
16,41,Employed,57619,11179,Home,21,9,75432,0.04,0.97,3,1
17,20,Employed,33449,13251,Home,11,0,87362,0.83,0.99,6,0
18,39,Unemployed,17706,46899,Car,3,5,10976,0.57,0.51,13,1
19,19,Employed,55828,20493,Education,5,6,99122,0.61,0.93,7,1
20,41,Employed,87394,21466,Personal,10,5,70404,0.52,0.52,7,1
21,61,Employed,49908,31206,Home,13,3,81932,0.87,0.29,2,0
22,47,Employed,62577,46475,Car,4,0,97170,0.04,0.27,14,0
23,55,Employed,51227,20624,Car,24,8,77707,0.26,0.93,3,1
24,19,Employed,48516,27564,Car,13,3,89647,0.88,0.17,12,0
25,38,Employed,63786,23412,Car,12,6,33688,0.75,0.58,10,1
26,50,Self-employed,45645,28990,Car,5,6,86840,0.02,0.56,10,1
27,29,Employed,54010,36517,Car,10,1,93789,0.52,0.74,4,0
28,39,Employed,54825,14156,Home,24,0,96516,0.53,0.5,7,0
29,61,Employed,39978,24064,Education,9,7,2017,0.4,0.27,2,0
30,42,Employed,64880,26711,Home,20,7,7957,0.3,0.17,3,0
31,66,Employed,47375,31106,Car,7,6,4792,0.68,0.62,7,1
32,44,Employed,38663,17589,Car,2,7,55982,0.21,0.72,7,1
33,59,Employed,58047,24736,Car,22,2,13237,0.8,0.57,10,0
34,45,Employed,36522,21975,Personal,24,1,51586,0.8,0.74,3,0
35,33,Employed,50422,37218,Education,23,6,81787,0.42,0.14,12,0
36,32,Unemployed,49863,8214,Education,7,7,19252,0.28,0.88,1,1
37,64,Employed,66288,31581,Car,8,0,10707,0.28,0.58,12,0
38,68,Employed,57120,21195,Education,7,9,34206,0.48,0.13,3,0
39,61,Employed,49624,45582,Car,21,8,94276,0.72,0.46,5,1
40,69,Self-employed,62266,28127,Education,23,3,3543,0.36,0.84,7,0
41,20,Employed,70853,6141,Car,14,3,44135,0.61,0.9,4,0
42,54,Employed,58367,29884,Personal,19,2,35031,0.38,0.26,13,0
43,68,Self-employed,50155,25885,Personal,5,5,42929,0.3,0.71,13,1
44,24,Unemployed,30322,3708,Education,23,0,65747,0.02,0.1,11,0
45,38,Unemployed,34023,19375,Home,18,5,57851,0.0,0.03,11,0
46,26,Employed,45421,16088,Home,20,1,55311,0.23,0.56,1,0
47,56,Employed,40857,45602,Education,12,8,65867,0.41,0.69,6,1
48,35,Employed,47195,46046,Home,23,1,88780,0.85,0.8,2,0
49,21,Self-employed,50849,11014,Education,17,6,57196,0.8,0.34,12,0
50,42,Employed,57945,4273,Car,13,0,73705,0.27,0.01,3,0
51,31,Employed,48942,48135,Car,2,6,57894,0.24,0.48,4,1
52,67,Employed,57297,38306,Personal,13,4,87640,0.23,0.02,6,0
53,26,Unemployed,50967,31881,Car,7,7,14591,0.34,0.09,6,0
54,43,Employed,20368,32486,Car,10,3,97247,0.5,0.33,7,0
55,19,Employed,35909,13541,Car,23,9,48893,0.44,0.44,5,1
56,37,Employed,47838,9712,Home,6,6,727,0.22,0.28,7,0
57,45,Employed,31854,10168,Education,3,5,21359,0.13,0.58,2,1
58,64,Employed,58998,4551,Home,3,4,43822,0.01,0.06,1,0
59,24,Employed,72961,13297,Personal,18,3,88534,0.15,0.14,12,0
60,61,Employed,68281,44733,Education,11,6,10929,0.71,0.7,10,1
61,25,Employed,46798,28128,Home,22,4,60091,0.24,0.14,8,0
62,64,Employed,72360,3832,Education,20,4,80378,0.47,0.64,1,1
63,52,Employed,52230,29483,Car,5,0,23519,0.59,0.05,12,0
64,31,Employed,44943,23063,Home,19,1,17393,0.89,0.41,2,0
65,34,Employed,40798,23963,Personal,22,4,34318,0.89,0.18,11,0
66,53,Employed,45462,14422,Home,19,2,74531,0.75,0.11,12,0
67,67,Employed,44177,33920,Home,15,1,94192,0.04,0.57,10,0
68,57,Employed,52556,12156,Car,16,3,47934,0.58,0.93,6,0
69,21,Employed,52408,12108,Car,24,3,81103,0.79,0.05,1,0
70,19,Self-employed,50045,32845,Car,9,3,28840,0.02,0.42,10,0
71,23,Employed,56554,3800,Education,4,3,89367,0.55,0.71,3,0
72,59,Unemployed,67859,39078,Car,15,2,13265,0.86,0.46,7,0
73,21,Employed,64243,43712,Car,12,6,5424,0.47,0.81,12,1
74,46,Employed,27726,3610,Home,23,8,20625,0.0,0.18,8,0
75,35,Unemployed,11691,13067,Home,3,4,79622,0.01,0.96,4,1
76,43,Employed,64014,34872,Home,23,3,29187,0.42,0.39,12,0
77,61,Employed,29496,11728,Home,14,1,35929,0.16,0.34,3,0
78,51,Employed,46628,30566,Car,17,1,61892,0.66,0.87,1,0
79,27,Employed,32448,30783,Home,19,4,20539,0.71,0.56,12,1
80,53,Self-employed,22970,21583,Home,6,6,56630,0.18,0.52,9,1
81,31,Unemployed,58121,21238,Home,4,9,90639,0.89,0.73,10,1
82,48,Self-employed,61387,8263,Personal,7,9,93410,0.44,0.58,6,1
83,65,Employed,41352,2914,Personal,19,8,9215,0.14,0.16,6,0
84,32,Unemployed,11134,24749,Car,17,6,39385,0.76,0.67,9,1
85,25,Self-employed,41806,20456,Personal,16,4,87580,0.79,0.13,1,0
86,31,Employed,55877,26582,Education,15,9,77462,0.64,0.81,6,1
87,40,Employed,27816,1406,Car,22,9,97037,0.85,0.99,12,1
88,57,Unemployed,52750,14689,Home,8,9,95310,0.74,0.38,5,0
89,38,Employed,49770,33934,Education,19,5,25008,0.88,0.44,13,1
90,33,Unemployed,58689,34276,Education,8,2,48928,0.43,0.05,11,0
91,62,Employed,51793,37432,Car,18,4,83096,0.75,0.01,6,0
92,35,Unemployed,35403,20873,Education,16,7,89876,1.0,0.92,14,1
93,64,Employed,67948,14050,Car,20,0,24976,0.72,0.13,11,0
94,41,Employed,47622,1680,Education,19,0,27626,0.11,0.45,8,0
95,43,Employed,49590,19908,Personal,10,6,98256,0.52,0.82,5,1
96,42,Unemployed,36000,19504,Home,17,4,59789,0.59,0.89,2,1
97,62,Employed,43350,22644,Education,13,4,4700,0.17,0.52,12,1
98,58,Employed,36727,38125,Car,13,0,63645,0.96,0.57,12,0
99,46,Employed,47405,2363,Car,7,8,73396,0.18,0.67,2,1
100,32,Unemployed,75675,43291,Education,10,0,7526,0.18,0.96,10,0
101,62,Employed,29421,36060,Home,2,4,39500,0.92,0.6,5,1
102,18,Unemployed,25796,2538,Car,4,9,68049,0.47,0.56,3,1
103,42,Employed,72067,37176,Home,6,8,73366,0.06,0.01,10,0
104,24,Employed,46860,42520,Car,24,3,80317,0.6,0.08,3,0
105,26,Employed,39963,26675,Car,18,7,59117,0.6,0.58,8,1
106,41,Employed,65598,19287,Education,23,5,56096,0.06,0.94,7,1
107,18,Unemployed,40915,1174,Home,6,2,7910,0.97,0.87,1,0
108,61,Employed,77390,27732,Car,23,3,81383,0.54,0.98,12,0
109,25,Employed,60168,35998,Home,17,1,71185,0.56,0.53,13,0
110,41,Unemployed,42681,38055,Education,14,0,50248,0.52,0.79,12,0
111,28,Employed,82359,13112,Personal,24,7,74656,0.61,0.84,5,1
112,68,Employed,40914,40874,Personal,11,0,1951,0.26,0.65,9,0
113,34,Self-employed,61131,10689,Education,19,0,65212,0.29,0.34,4,0
114,25,Employed,54489,45814,Education,2,3,75701,0.51,0.47,1,0
115,52,Employed,69526,20555,Home,3,9,79888,0.81,0.86,8,1
116,52,Self-employed,73422,34919,Home,11,9,75282,0.05,0.3,5,0
117,50,Employed,50480,8619,Car,6,5,94533,0.6,0.92,2,1
118,22,Employed,38698,7033,Education,14,8,41954,0.81,0.23,12,0
119,59,Employed,56899,42328,Personal,19,0,89719,0.16,0.75,1,0
120,56,Unemployed,39834,5946,Home,16,6,8804,0.02,0.63,14,1
121,58,Employed,80200,25618,Personal,21,9,92705,0.31,0.75,12,1
122,45,Employed,52048,35675,Car,22,4,595,0.59,0.44,12,1
123,24,Unemployed,44520,37258,Car,24,7,29592,0.14,0.93,12,1
124,26,Unemployed,52770,19919,Home,7,6,40643,0.43,0.63,3,1
125,25,Employed,29793,5173,Home,8,3,62665,0.55,0.29,9,0
126,29,Employed,35425,44833,Car,19,3,20823,0.6,0.64,1,0
127,51,Employed,68006,27400,Car,20,5,5972,0.27,0.29,4,0
128,50,Unemployed,40146,5769,Home,16,5,15882,0.4,0.29,8,0
129,65,Employed,34296,38564,Car,22,8,66394,0.78,0.4,8,0
130,40,Employed,58049,46814,Education,7,4,71055,0.94,0.85,10,1
131,41,Unemployed,67785,15211,Education,9,7,23769,0.86,0.5,12,1
132,54,Unemployed,60784,24255,Personal,13,4,25020,0.56,0.68,11,1
133,52,Employed,64940,28962,Home,1,1,42748,0.41,0.39,13,0
134,61,Unemployed,38648,20356,Home,8,5,85374,0.33,0.26,11,0
135,57,Employed,28672,21306,Education,24,8,44912,0.12,0.95,8,1
136,39,Unemployed,72520,5997,Car,22,2,12879,0.11,0.6,10,0
137,44,Employed,45159,18376,Home,4,0,33798,0.69,0.93,8,0
138,52,Employed,46237,41880,Home,3,0,89826,0.26,0.2,4,0
139,18,Unemployed,69922,39055,Car,3,2,46073,0.25,0.15,8,0
140,52,Employed,58343,11578,Home,22,9,75791,1.0,0.86,9,1
141,54,Employed,56838,19624,Home,13,4,66983,0.19,0.68,7,1
142,64,Unemployed,82475,40194,Home,8,2,43005,0.15,0.19,14,0
143,31,Unemployed,40347,45367,Home,7,8,94731,0.1,0.27,12,0
144,20,Employed,63917,1389,Car,1,7,2850,0.58,0.8,2,1
145,18,Employed,50855,34767,Car,16,2,28400,0.63,0.45,9,0
146,22,Employed,54028,46580,Car,6,8,11953,0.37,0.67,11,1
147,43,Employed,72927,49367,Home,7,5,23535,0.54,0.32,8,0
148,31,Employed,57617,2855,Home,12,6,75536,0.79,0.38,13,0
149,56,Employed,58074,41893,Car,23,3,75039,0.82,0.99,5,0
150,44,Self-employed,66087,14794,Car,9,3,81029,0.96,0.25,12,0
151,26,Employed,44525,36531,Car,11,1,4055,0.82,0.51,3,0
152,32,Employed,37411,5986,Home,10,4,38170,0.56,0.84,7,1
153,32,Employed,34327,33298,Personal,21,7,97944,0.18,0.24,14,0
154,43,Self-employed,20504,2481,Home,1,6,99976,0.1,0.42,14,1
155,59,Employed,80843,4731,Car,18,6,28251,0.05,0.62,2,1
156,30,Employed,33451,17835,Car,4,5,4532,0.67,0.48,13,1
157,68,Employed,46681,28798,Car,5,2,4924,0.81,0.46,3,0
158,49,Employed,45847,27113,Home,9,4,48037,0.51,0.36,12,0
159,56,Employed,54611,20477,Car,17,0,78082,0.05,0.59,9,0
160,66,Unemployed,62236,18266,Education,3,6,92115,0.54,0.62,4,1
161,69,Self-employed,62907,21792,Home,16,8,71621,0.94,0.65,4,1
162,49,Employed,41253,21452,Home,5,0,77926,0.6,0.07,3,0
163,21,Employed,47493,44526,Home,16,1,78816,0.81,0.63,5,0
164,47,Self-employed,54238,42334,Education,3,2,89654,0.8,0.95,3,0
165,54,Unemployed,46269,12889,Home,20,2,70400,0.93,0.54,9,0
166,40,Employed,74110,25335,Personal,15,7,99525,0.77,0.72,3,1
167,56,Employed,57364,12254,Car,3,6,92385,0.75,0.56,2,1
168,62,Employed,61023,22074,Personal,20,5,93102,0.23,0.85,12,1
169,32,Employed,59943,12442,Personal,14,9,10702,0.06,0.93,5,1
170,60,Unemployed,67602,47289,Car,16,9,15385,0.52,0.18,6,0
171,46,Self-employed,52715,38327,Home,17,3,9336,0.12,0.44,1,0
172,53,Self-employed,30547,17199,Home,24,8,65421,0.96,0.39,14,0
173,30,Employed,55995,8291,Home,20,0,31225,0.29,0.41,12,0
174,49,Employed,40229,41928,Education,23,1,36021,0.85,0.13,11,0
175,24,Self-employed,42070,1112,Home,18,3,3782,0.39,0.81,6,0
176,68,Unemployed,58795,22515,Home,18,2,88877,0.32,0.04,10,0
177,39,Employed,68574,20581,Car,22,0,89630,0.94,0.53,3,0
178,45,Self-employed,50319,49692,Personal,14,4,49111,0.36,0.66,4,1
179,19,Unemployed,54632,27500,Home,18,6,89402,0.39,0.21,6,0
180,59,Employed,75533,33026,Home,15,1,84585,0.11,0.91,8,0
181,62,Employed,53611,17523,Home,15,4,42719,0.67,0.84,9,1
182,23,Employed,89025,2424,Personal,6,5,96528,0.29,0.47,6,1
183,45,Employed,58482,20552,Car,15,6,49037,0.59,0.41,7,1
184,45,Employed,23588,11808,Home,18,0,80103,0.59,0.24,14,0
185,61,Unemployed,61300,39811,Home,4,6,3513,0.72,0.73,5,1
186,61,Employed,55717,7989,Home,23,3,13335,0.75,0.13,14,0
187,37,Employed,69346,24620,Home,8,7,44140,0.51,0.68,12,1
188,47,Employed,60097,40029,Personal,15,3,80373,0.33,0.84,9,0
189,28,Employed,47923,1887,Education,3,5,77658,0.84,0.23,4,0
190,45,Self-employed,31635,32802,Car,15,8,34840,0.31,0.87,10,1
191,42,Employed,46864,20488,Education,13,4,31007,0.51,0.03,11,0
192,56,Employed,37242,31013,Home,9,3,56947,0.4,0.91,6,0
193,50,Unemployed,41292,17402,Education,2,7,93220,0.86,0.12,5,0
194,18,Employed,58828,22205,Education,24,8,26393,0.43,0.65,1,1
195,44,Employed,75048,27049,Home,8,3,57480,0.39,0.25,5,0
196,69,Employed,55920,13253,Education,20,2,88290,0.69,0.84,13,0
197,30,Employed,32061,19990,Home,17,7,86335,0.6,0.51,5,1
198,58,Employed,56669,8846,Home,13,4,9107,0.11,0.14,14,0
199,20,Employed,67949,26027,Home,1,1,5993,0.51,0.57,9,0
200,56,Employed,40853,40200,Car,2,9,96341,0.74,0.41,1,1
201,23,Self-employed,47989,47220,Education,15,8,93650,0.99,0.66,5,1
202,25,Employed,50220,47163,Personal,12,2,52066,0.63,0.88,7,0
203,44,Employed,38226,4765,Car,14,1,42942,0.37,0.41,11,0
204,26,Employed,59724,16950,Education,2,0,16138,0.23,0.29,6,0
205,54,Employed,48185,46270,Education,18,7,44527,0.87,0.01,6,0
206,50,Employed,56292,10741,Home,22,2,9190,0.81,0.57,12,0
207,68,Employed,36687,23742,Car,7,6,92259,0.23,0.4,7,0
208,59,Self-employed,43438,25703,Home,23,0,78422,0.2,0.37,6,0
209,61,Employed,60835,39709,Car,6,0,55698,0.72,0.18,5,0
210,41,Employed,44407,38623,Personal,14,8,82315,0.31,0.43,10,1
211,32,Employed,75904,23931,Home,8,7,93710,0.31,0.98,5,1
212,49,Self-employed,44005,24580,Education,22,2,29086,0.15,0.3,9,0
213,49,Employed,53370,16166,Car,2,5,17322,0.26,0.6,14,1
214,41,Employed,63988,30240,Car,17,2,83569,0.43,0.78,8,0
215,58,Employed,28724,26991,Home,5,3,85610,0.73,0.75,14,0
216,69,Unemployed,23587,39556,Home,14,0,3435,0.34,0.33,12,0
217,66,Employed,27115,33969,Home,24,4,53331,0.33,0.61,10,1
218,66,Unemployed,68938,11561,Home,20,0,28942,0.28,0.87,14,0
219,69,Employed,41722,17901,Home,21,0,59635,0.48,0.02,4,0
220,29,Employed,88372,41505,Car,21,9,29059,0.18,0.44,4,1
221,56,Employed,41536,31020,Home,22,6,57557,0.49,0.22,10,0
222,19,Employed,52768,26917,Education,3,5,52389,0.7,0.39,5,0
223,20,Employed,73131,2988,Car,5,1,53014,0.03,0.42,13,0
224,66,Employed,80091,49209,Car,16,1,32826,0.01,0.75,13,0
225,54,Unemployed,80922,45505,Car,18,6,30297,0.08,0.09,3,0
226,66,Employed,68125,15256,Car,17,0,43890,0.54,0.51,8,0
227,34,Employed,65360,23192,Personal,11,1,21322,0.85,0.56,7,0
228,66,Employed,58887,29230,Home,17,7,35739,0.0,0.49,5,1
229,19,Employed,61675,40930,Home,16,5,9719,0.94,0.73,10,1
230,19,Employed,41732,46833,Education,23,1,79553,0.11,0.38,3,0
231,45,Employed,37727,23625,Home,2,6,8314,0.84,0.94,5,1
232,40,Employed,49949,33088,Home,4,3,93831,0.48,0.48,3,0
233,54,Unemployed,47447,15114,Home,21,1,75164,0.66,0.57,10,0
234,49,Self-employed,43201,42167,Home,7,5,77028,0.51,0.83,5,1
235,50,Employed,60445,39401,Car,2,8,36113,0.48,0.28,1,0
236,18,Employed,64329,6755,Home,6,8,15357,0.83,0.08,6,0
237,36,Employed,51326,11825,Education,17,7,98865,0.76,0.71,10,1
238,19,Employed,72162,23693,Education,7,2,20365,0.48,0.48,4,0
239,61,Employed,32874,5117,Car,5,2,39029,0.11,0.9,4,0
240,43,Employed,47095,25729,Car,5,1,1737,0.12,0.98,8,0
241,49,Unemployed,39247,33182,Education,20,4,74632,0.8,0.4,2,0
242,23,Employed,22001,29890,Home,16,3,85474,0.53,0.42,4,0
243,49,Employed,48759,30340,Education,19,6,78218,0.48,0.41,2,1
244,21,Employed,48173,2518,Education,9,3,27499,0.68,0.32,1,0
245,28,Employed,72701,31949,Education,5,8,46157,0.86,0.78,10,1
246,34,Employed,59462,23547,Car,8,1,56247,0.63,0.76,13,0
247,55,Employed,34637,17346,Home,9,5,41034,0.76,0.48,13,1
248,41,Employed,77811,3600,Car,5,6,294,0.77,0.04,3,0
249,22,Unemployed,68315,47005,Education,10,3,98072,0.36,0.31,12,0
250,69,Employed,58731,30267,Home,2,5,24596,0.27,0.29,8,0
251,51,Employed,46602,37322,Education,9,6,98185,0.8,0.81,6,1
252,23,Employed,35608,27990,Home,11,3,11434,0.38,0.09,12,0
253,39,Employed,44416,17193,Home,4,7,58382,0.9,0.81,7,1
254,28,Employed,66331,31109,Home,22,8,38098,0.07,0.67,2,1
255,65,Unemployed,78268,20233,Home,22,0,4655,0.06,0.73,6,0
256,33,Unemployed,73148,49021,Car,22,6,83029,0.93,0.43,14,1
257,50,Unemployed,42667,17194,Home,2,8,46228,0.65,0.68,8,1
258,26,Employed,33205,35510,Personal,23,9,3771,0.38,0.61,8,1
259,23,Employed,52113,2306,Car,6,4,74099,0.76,0.77,4,1
260,33,Employed,23473,4849,Home,14,1,56799,0.67,0.45,6,0
261,46,Employed,54847,13360,Car,1,9,62257,0.53,0.47,14,1
262,20,Unemployed,47785,46536,Education,18,5,17558,0.1,0.64,5,1
263,37,Employed,43009,30231,Education,7,6,99468,0.81,0.11,9,0
264,53,Employed,26079,46800,Home,1,1,58436,0.87,0.44,8,0
265,36,Employed,57704,37963,Education,1,1,92103,0.17,0.97,2,0
266,43,Employed,42009,19689,Education,1,9,32376,0.85,0.04,12,0
267,20,Employed,32451,30084,Home,24,9,87458,0.88,0.32,13,0
268,36,Employed,6916,41387,Home,4,0,77924,0.55,0.31,7,0
269,37,Employed,49587,10280,Car,4,3,29332,0.66,0.63,7,0
270,49,Unemployed,76583,3642,Home,18,6,46737,0.38,0.11,11,0
271,24,Unemployed,74918,43137,Education,11,8,89031,0.28,0.63,14,1
272,69,Employed,43143,15296,Home,1,2,73970,0.72,0.1,14,0
273,58,Employed,40966,16438,Personal,10,6,51952,0.86,0.09,12,0
274,50,Employed,57031,49442,Car,9,6,20991,0.65,0.73,1,1
275,57,Employed,35024,38525,Home,23,6,27472,0.51,0.32,1,0
276,56,Employed,54526,3994,Home,4,1,59946,0.16,0.98,12,0
277,35,Employed,61491,48994,Car,6,5,26849,0.05,0.04,4,0
278,57,Employed,68403,35039,Education,16,1,1541,0.45,0.45,5,0
279,18,Employed,48497,2813,Education,2,5,2765,0.05,0.11,4,0
280,28,Employed,46944,28491,Home,23,9,43074,0.57,0.35,7,0
281,45,Employed,36830,19845,Home,18,2,29283,0.38,1.0,3,0
282,42,Self-employed,37596,42243,Home,10,1,769,0.76,0.89,7,0
283,67,Unemployed,46602,38164,Car,24,5,17806,0.31,0.05,13,0
284,40,Employed,55510,43051,Home,24,1,90518,0.59,0.56,8,0
285,48,Unemployed,63703,14318,Car,17,4,2972,0.54,0.65,6,1
286,47,Employed,37952,18200,Car,13,1,18256,0.0,0.21,6,0
287,59,Unemployed,72390,1082,Personal,24,2,18653,0.07,0.15,8,0
288,52,Unemployed,45933,2920,Home,18,2,86669,0.29,0.9,8,0
289,24,Employed,49679,41585,Home,22,5,39339,0.88,0.97,7,1
290,33,Employed,38791,12683,Car,13,5,25757,0.15,0.99,6,1
291,43,Employed,13636,12336,Car,17,9,42399,0.71,0.79,6,1
292,65,Employed,63260,16596,Home,5,2,44013,0.97,0.66,10,0
293,69,Employed,61052,3093,Personal,11,2,97605,0.79,0.35,11,0
294,66,Employed,45780,13905,Education,7,0,14706,0.24,0.17,13,0
295,19,Employed,51004,25351,Home,10,6,38231,0.91,0.08,13,0
296,18,Unemployed,57739,31981,Home,17,7,27909,0.09,0.69,6,1
297,65,Self-employed,26561,9367,Car,15,1,76631,0.47,0.78,8,0
298,29,Employed,42064,6285,Education,18,3,57572,0.89,0.83,1,0
299,22,Employed,61913,44664,Home,23,9,85879,0.64,0.91,5,1
300,54,Employed,31185,38705,Car,22,6,63767,0.41,0.88,3,1
301,49,Employed,54403,17753,Car,19,7,26469,0.29,1.0,12,1
302,26,Self-employed,29651,19485,Home,2,0,1313,0.38,0.24,8,0
303,58,Employed,56996,13977,Car,4,3,7847,0.51,0.76,11,0
304,52,Employed,49465,20874,Personal,3,5,50222,0.32,0.59,6,1
305,36,Employed,25773,8674,Home,7,2,74702,0.97,0.26,14,0
306,65,Employed,67471,30038,Home,24,4,9930,0.93,0.98,2,1
307,33,Employed,38981,30315,Car,18,9,3285,0.87,0.9,13,1
308,20,Unemployed,37846,4676,Education,10,8,35863,0.42,0.13,7,0
309,37,Employed,53008,3426,Personal,7,2,16704,0.69,0.03,7,0
310,41,Employed,67229,25473,Car,8,4,18705,0.9,0.69,13,1
311,50,Employed,34762,3962,Education,6,7,555,0.85,0.6,5,1
312,41,Self-employed,50925,30943,Car,22,5,21323,0.41,0.94,8,1
313,69,Unemployed,56432,1859,Car,1,3,70968,0.11,0.23,14,0
314,28,Employed,60396,45816,Home,4,7,66922,0.08,0.08,5,0
315,66,Employed,52646,5138,Home,14,2,53915,0.58,0.26,1,0
316,25,Employed,44494,36192,Home,17,2,10619,0.64,0.02,9,0
317,53,Employed,37586,26640,Car,20,3,72390,0.85,0.04,4,0
318,55,Self-employed,51292,11409,Home,18,8,59274,0.29,0.91,13,1
319,57,Employed,33917,5017,Personal,11,4,73173,0.17,0.35,2,0
320,37,Employed,6179,11451,Home,21,7,21225,0.38,0.41,4,1
321,52,Employed,56548,29327,Home,14,5,26739,0.35,0.02,14,0
322,65,Employed,63559,11278,Car,9,2,47708,0.13,0.27,13,0
323,42,Employed,14556,25944,Education,15,7,53019,0.67,0.8,9,1
324,52,Unemployed,34854,44764,Home,12,8,76154,0.51,0.62,2,1
325,42,Employed,59287,2134,Home,10,7,7373,0.72,0.75,4,1
326,46,Employed,80862,31131,Personal,19,3,35281,0.35,0.45,2,0
327,35,Employed,50311,38887,Home,24,5,20187,0.33,0.31,5,0
328,63,Employed,39079,39462,Home,19,0,67863,0.47,0.48,3,0
329,35,Employed,47256,23520,Education,6,3,97927,0.88,0.32,10,0
330,19,Employed,70623,22869,Home,20,7,84085,0.04,0.84,2,1
331,52,Unemployed,40310,37932,Car,24,0,39220,0.8,0.3,14,0
332,33,Employed,38012,6039,Home,6,2,7642,0.37,0.66,9,0
333,58,Employed,42758,22281,Home,8,0,79971,0.85,0.14,5,0
334,53,Employed,35700,48399,Home,1,8,55556,0.8,0.69,10,1
335,50,Employed,51840,11442,Home,22,1,33760,0.35,0.91,5,0
336,21,Self-employed,74370,9252,Home,17,8,38192,0.69,0.61,1,1
337,50,Unemployed,54846,28586,Home,17,3,4381,0.16,0.56,6,0
338,31,Employed,46214,18568,Education,24,1,96583,0.9,0.96,13,0
339,38,Employed,45622,21810,Home,15,3,19558,0.4,0.63,7,0
340,65,Employed,26552,2551,Car,7,9,30782,0.46,0.26,1,0
341,37,Employed,63246,13625,Education,19,5,4782,0.71,0.29,9,0
342,25,Employed,48832,35397,Car,22,6,91417,0.82,0.71,8,1
343,24,Employed,47292,27249,Home,23,2,54712,0.24,0.74,12,0
344,20,Employed,97896,2361,Personal,3,2,94945,0.66,0.3,14,0
345,34,Employed,54481,27149,Home,22,9,19462,0.39,0.35,14,0
346,50,Unemployed,38723,5370,Home,11,7,60030,0.37,0.99,8,1
347,65,Employed,43604,6283,Education,20,4,68519,0.69,0.1,7,0
348,29,Employed,67226,8610,Car,19,3,56411,0.39,0.4,5,0
349,68,Unemployed,51699,44326,Car,9,6,55206,0.35,0.06,3,0
350,39,Employed,28425,15924,Home,10,6,97469,0.84,0.82,12,1
351,39,Employed,63788,48607,Car,2,8,46950,0.1,0.09,14,0
352,63,Employed,39977,45717,Home,1,8,2523,0.68,0.67,9,1
353,47,Employed,78099,11626,Personal,16,4,60926,0.25,0.06,14,0
354,55,Unemployed,66200,35761,Home,18,7,9677,0.02,0.67,7,1
355,55,Unemployed,43290,1869,Education,23,9,75828,0.17,0.84,11,1
356,62,Employed,69215,32552,Car,17,0,15089,0.61,0.4,10,0
357,68,Employed,51017,2014,Education,6,8,4581,0.71,0.52,10,1
358,25,Employed,62791,11103,Education,14,7,11907,0.02,0.4,8,0
359,44,Employed,57270,17986,Car,23,5,5609,0.04,0.3,14,0
360,44,Employed,37304,45781,Home,15,2,51153,0.9,0.8,6,0
361,51,Self-employed,40346,31471,Home,14,2,50539,0.07,0.27,12,0
362,38,Employed,65449,34458,Home,24,7,44143,0.89,0.72,14,1
363,47,Self-employed,44978,26069,Education,22,4,22936,0.23,0.21,11,0
364,50,Employed,43945,17873,Education,3,9,50182,0.74,0.25,14,0
365,45,Employed,35673,24248,Car,24,6,99524,0.31,0.34,5,0
366,64,Employed,56353,24624,Home,23,4,95042,0.86,0.59,8,1
367,50,Unemployed,80937,44516,Home,19,7,13163,0.7,0.45,3,1
368,22,Unemployed,33987,30061,Car,12,9,59758,0.4,0.75,12,1
369,65,Unemployed,50363,25170,Car,2,9,46057,0.08,0.21,13,0
370,36,Employed,71183,9024,Education,3,3,12537,0.73,0.01,13,0
371,21,Employed,48805,17678,Personal,18,1,22419,0.62,0.78,7,0
372,52,Unemployed,56785,39256,Home,1,2,42578,0.0,0.82,2,0
373,66,Employed,34064,21411,Car,20,7,74991,0.01,0.06,3,0
374,34,Employed,56424,44803,Car,21,6,74599,0.81,0.61,13,1
375,61,Employed,47192,20296,Home,6,1,834,0.26,0.38,12,0
376,45,Self-employed,64785,27293,Home,5,5,32214,0.64,0.79,2,1
377,47,Self-employed,67810,28172,Home,1,8,92934,0.45,0.87,5,1
378,46,Employed,88843,22128,Education,19,3,2413,0.86,0.85,7,0
379,63,Unemployed,58694,19257,Car,1,8,9505,0.92,0.78,11,1
380,23,Self-employed,54886,13855,Car,21,1,2105,1.0,0.27,10,0
381,52,Employed,52915,20642,Personal,21,1,68104,0.15,0.81,11,0
382,58,Employed,44702,36585,Education,16,8,58408,0.86,0.53,11,1
383,54,Self-employed,55077,21025,Home,12,6,37679,0.27,0.05,11,0
384,41,Employed,45568,5458,Car,22,6,99096,0.59,0.46,10,1
385,46,Employed,52526,6307,Car,8,0,79731,0.51,0.94,13,0
386,66,Employed,69763,42701,Education,16,5,65131,0.02,0.89,14,1
387,63,Self-employed,34901,19425,Education,1,6,64280,0.93,0.1,1,0
388,48,Self-employed,67098,44427,Car,4,5,15762,0.08,0.74,13,1
389,52,Self-employed,69756,29273,Home,10,5,58703,0.69,0.81,10,1
390,50,Employed,48228,39506,Education,11,1,81434,0.79,0.27,9,0
391,69,Unemployed,18172,6668,Home,17,5,63079,0.8,0.47,1,1
392,38,Unemployed,40882,26934,Home,23,3,21577,0.14,0.71,1,0
393,49,Employed,69454,48195,Home,7,8,1214,0.45,0.44,14,1
394,40,Unemployed,49656,8697,Home,12,0,86339,0.83,0.11,12,0
395,50,Employed,35010,25417,Home,21,7,48114,0.3,0.71,10,1
396,20,Employed,42428,17446,Education,7,4,89234,0.47,0.91,8,1
397,35,Employed,62609,41597,Personal,12,0,63230,0.27,0.65,6,0
398,42,Employed,58201,11751,Home,15,3,32980,0.46,0.77,6,0
399,59,Employed,46416,47218,Home,2,0,67194,0.89,0.36,12,0
400,48,Employed,44497,8352,Home,14,5,77806,0.46,0.18,9,0
401,20,Employed,44123,14516,Home,13,1,37792,0.56,0.64,4,0
402,57,Unemployed,36163,24299,Home,4,4,45807,0.4,0.33,8,0
403,63,Employed,74230,32957,Personal,14,6,22301,0.46,0.86,4,1
404,41,Employed,45165,29927,Home,14,1,5141,0.02,0.12,14,0
405,67,Employed,68257,42094,Car,16,5,13777,0.28,0.43,2,1
406,49,Unemployed,72819,37412,Home,7,5,38346,0.44,0.4,11,0
407,64,Employed,64974,30493,Education,19,4,54703,0.63,0.94,8,1
408,39,Employed,43525,27711,Education,2,4,94977,0.45,0.15,12,0
409,40,Unemployed,56055,9003,Personal,10,2,47819,0.34,0.01,7,0
410,19,Employed,49637,32707,Education,18,9,28469,0.39,0.24,4,0
411,44,Employed,36444,4278,Home,17,9,3845,0.24,0.82,9,1
412,59,Employed,54865,8296,Home,5,1,23290,0.92,0.21,9,0
413,19,Unemployed,32314,26398,Car,12,6,30699,0.52,0.24,8,0
414,43,Employed,67815,36842,Home,6,0,44252,0.01,0.13,14,0
415,34,Unemployed,43030,14261,Car,22,5,98682,0.02,0.72,1,1
416,57,Employed,53017,12173,Home,9,5,3293,0.97,0.07,7,0
417,50,Self-employed,54249,31449,Home,20,2,57089,0.22,0.33,5,0
418,26,Unemployed,46116,42080,Car,1,1,16608,0.81,0.28,7,0
419,60,Self-employed,58800,2637,Car,22,1,66273,0.06,0.56,12,0
420,65,Employed,42876,32781,Education,15,8,16619,0.92,0.73,9,1
421,56,Unemployed,63069,14652,Home,21,4,78006,0.87,0.53,2,1
422,46,Employed,29810,6103,Car,6,6,87908,0.57,0.93,13,1
423,59,Employed,51895,26500,Home,19,4,81653,0.01,0.95,14,1
424,43,Employed,79083,35800,Home,18,6,14779,0.26,0.36,11,0
425,52,Unemployed,34995,36529,Car,6,3,51040,0.41,0.78,4,0
426,67,Self-employed,39833,48963,Home,13,7,94830,0.46,0.74,4,1
427,42,Unemployed,57708,19452,Home,1,9,56325,0.3,0.89,2,1
428,41,Employed,52693,32174,Home,23,9,21630,0.03,0.45,3,1
429,30,Employed,55259,36436,Home,23,6,12178,0.59,0.53,11,1
430,24,Unemployed,57337,48406,Home,13,9,19935,0.52,0.42,14,1
431,53,Employed,59520,16954,Home,7,4,47258,0.28,0.85,14,1
432,62,Employed,66645,18186,Home,15,5,22784,0.04,0.23,13,0
433,37,Employed,56147,13356,Home,12,4,63722,0.99,0.24,8,0
434,18,Employed,46381,33963,Car,1,6,23027,0.48,0.37,12,0
435,25,Employed,60088,3187,Home,15,1,96544,0.76,0.23,9,0
436,63,Employed,78498,12707,Home,4,4,57853,0.45,0.56,6,1
437,33,Employed,48010,36098,Home,13,9,67359,0.04,0.13,10,0
438,31,Employed,35382,27935,Car,23,2,72388,0.31,0.32,2,0
439,29,Self-employed,66606,22225,Education,5,8,78608,0.32,0.91,2,1
440,68,Employed,48194,4606,Education,2,5,76669,0.84,0.41,7,1
441,40,Employed,17409,33828,Education,23,9,15111,0.65,0.75,8,1
442,32,Employed,62711,27489,Car,1,2,32312,0.28,0.11,8,0
443,45,Employed,41970,15387,Car,16,6,24161,0.97,0.25,14,0
444,51,Self-employed,48642,4927,Car,23,3,67313,0.32,0.81,6,0
445,19,Unemployed,54979,7296,Home,6,2,50374,1.0,0.76,10,0
446,49,Employed,52857,31444,Home,23,7,24014,1.0,0.39,8,0
447,40,Employed,60641,47390,Home,16,3,80308,0.19,0.95,14,0
448,39,Unemployed,43467,47893,Personal,14,0,46389,0.31,0.91,1,0
449,68,Self-employed,57696,3591,Car,3,5,18161,0.49,0.96,9,1
450,42,Employed,46106,45895,Education,15,9,7490,0.66,0.43,13,1
451,39,Employed,61082,49516,Home,3,0,24502,0.53,0.2,12,0
452,39,Employed,59230,27147,Car,23,4,35757,0.97,0.63,1,1
453,66,Self-employed,35968,39889,Home,2,6,41111,0.72,0.68,13,1
454,69,Employed,66289,2200,Home,1,5,98273,0.21,0.13,3,0
455,59,Self-employed,41960,16721,Education,9,1,83245,0.11,0.79,12,0
456,23,Employed,62120,20238,Car,9,3,58645,0.69,0.02,9,0
457,32,Employed,55509,12087,Home,23,1,59055,0.16,0.48,11,0
458,60,Employed,77572,31816,Education,7,0,8998,0.79,0.33,5,0
459,54,Employed,46648,24408,Home,3,2,28906,0.31,0.74,9,0
460,50,Employed,44760,40740,Personal,18,2,70192,0.33,0.31,9,0
461,25,Employed,49708,1136,Home,11,6,50477,0.01,0.83,6,1
462,61,Employed,45452,18413,Home,7,0,36901,0.7,0.59,11,0
463,61,Unemployed,61999,49114,Home,9,8,91271,0.11,0.79,1,1
464,22,Employed,25755,19978,Home,1,5,52021,0.77,0.99,10,1
465,56,Employed,34194,1661,Home,14,3,29092,0.49,0.68,7,0
466,21,Self-employed,33982,36240,Car,20,2,1242,0.78,0.98,14,0
467,23,Unemployed,64254,28253,Education,6,2,1831,0.58,0.03,6,0
468,62,Self-employed,75659,27884,Education,7,1,50721,0.08,0.34,9,0
469,49,Self-employed,48433,33854,Home,10,1,28511,0.77,0.11,7,0
470,69,Employed,47467,11704,Car,7,9,72782,0.07,0.26,14,0
471,47,Employed,51050,39987,Home,2,4,97003,0.48,0.84,12,1
472,64,Unemployed,67428,25527,Home,4,8,18302,0.17,0.03,11,0
473,52,Employed,36089,17322,Car,21,1,55568,0.75,0.52,12,0
474,57,Employed,53575,48517,Car,17,1,3232,0.91,0.57,13,0
475,69,Unemployed,64627,7968,Home,1,5,51507,0.55,0.56,4,1
476,33,Employed,57516,28518,Home,10,9,76508,0.53,0.48,7,1
477,30,Employed,52843,47364,Personal,19,1,10683,0.76,0.79,2,0
478,67,Employed,65015,28886,Home,15,3,23664,0.01,0.13,6,0
479,59,Employed,9451,2700,Car,10,5,33172,0.92,0.31,6,0
480,47,Employed,60168,29246,Car,19,4,83641,0.2,0.62,2,1
481,36,Employed,40188,36468,Home,12,0,64340,0.98,0.69,14,0
482,34,Unemployed,22540,24199,Home,24,5,87236,0.74,0.4,4,0
483,36,Employed,57668,45589,Home,16,0,11017,0.77,0.88,8,0
484,45,Employed,70604,33115,Education,9,2,36613,0.66,0.42,8,0
485,43,Unemployed,47938,6520,Car,15,9,86130,0.47,0.4,13,0
486,54,Self-employed,64293,45278,Car,17,4,76920,0.57,0.04,8,0
487,43,Unemployed,74184,37455,Personal,14,9,30348,0.05,0.55,8,1
488,40,Unemployed,69723,21929,Education,18,4,16448,0.62,0.71,1,1
489,26,Employed,74599,42605,Car,2,9,9491,0.63,0.11,2,0
490,29,Employed,61131,15955,Car,4,5,78648,0.89,0.31,12,0
491,18,Employed,51131,45049,Car,18,9,96557,0.51,0.78,4,1
492,18,Employed,25970,14917,Car,7,7,58759,0.08,0.37,12,0
493,64,Employed,46309,5757,Car,13,4,44553,0.31,0.24,9,0
494,51,Employed,37351,14045,Car,15,0,968,0.66,0.67,3,0
495,49,Unemployed,82564,42680,Home,23,4,368,0.24,0.2,14,0
496,65,Employed,47361,5733,Car,22,2,73960,0.28,0.9,6,0
497,42,Employed,51848,31954,Home,1,3,35010,0.82,0.11,7,0
498,57,Employed,58272,32135,Home,11,7,54154,0.58,0.71,8,1
499,62,Employed,50654,8081,Home,10,6,35851,0.51,0.5,13,1
500,18,Employed,75425,42458,Car,5,4,25496,0.32,0.87,7,1
501,33,Unemployed,40660,24501,Car,16,1,30936,0.73,0.13,3,0
502,56,Employed,52919,22113,Home,11,5,78858,0.29,0.68,6,1
503,22,Employed,38862,35441,Car,21,5,67005,0.74,0.57,5,1
504,39,Employed,30199,48086,Car,6,9,37493,0.07,0.48,13,1
505,46,Unemployed,40823,25690,Home,9,9,69795,0.86,0.49,12,1
506,20,Employed,49444,44939,Car,13,5,36390,0.5,0.72,10,1
507,29,Employed,43560,30345,Education,24,8,10292,0.44,0.94,4,1
508,43,Employed,39613,47313,Education,8,7,92377,0.61,0.09,1,0
509,33,Employed,28905,45571,Car,14,7,28365,0.62,0.02,14,0
510,68,Unemployed,48753,27829,Car,24,0,17207,0.13,0.81,13,0
511,54,Unemployed,27429,36062,Home,1,4,22912,0.76,0.11,7,0
512,39,Employed,61400,4630,Home,17,6,80771,0.28,0.99,8,1
513,46,Unemployed,51236,48861,Home,24,5,56572,0.9,0.62,2,1
514,31,Unemployed,28136,32870,Personal,5,4,99083,0.82,0.65,7,1
515,45,Unemployed,45361,48221,Home,2,7,19276,0.35,0.2,6,0
516,22,Unemployed,38717,45942,Home,24,2,97459,0.81,0.24,5,0
517,64,Employed,54787,4453,Education,9,5,5534,0.36,0.66,13,1
518,66,Employed,70106,38275,Personal,4,4,92005,0.1,0.91,4,1
519,47,Employed,21872,44370,Education,17,7,35670,0.96,0.98,2,1
520,63,Unemployed,51725,39396,Home,17,3,62147,0.65,0.2,10,0
521,69,Employed,47598,9328,Home,21,7,98099,0.46,0.13,6,0
522,22,Unemployed,60070,16534,Home,18,9,36486,0.4,0.06,5,0
523,29,Unemployed,53197,20744,Home,16,1,65557,0.32,0.87,2,0
524,33,Employed,38720,20389,Home,8,8,34268,0.98,0.29,10,0
525,43,Unemployed,45214,37320,Car,11,8,81335,0.13,0.0,7,0
526,43,Employed,38059,36010,Personal,21,9,26336,0.31,0.22,6,0
527,65,Employed,66140,15665,Home,21,9,3641,0.49,0.34,12,0
528,38,Unemployed,50319,38865,Car,18,5,87132,0.48,0.99,11,1
529,56,Employed,78517,9640,Car,23,3,32959,0.47,0.52,9,0
530,53,Unemployed,49090,35716,Home,24,3,13306,0.18,0.2,11,0
531,50,Unemployed,39373,26521,Car,10,5,46182,0.14,0.33,10,0
532,47,Employed,27294,31049,Home,13,4,74123,0.25,0.33,5,0
533,54,Employed,22952,6618,Home,17,5,56326,0.91,0.02,9,0
534,40,Employed,26237,38004,Education,18,6,96895,0.11,0.14,9,0
535,27,Employed,54006,2920,Home,10,6,21498,0.76,0.7,13,1
536,22,Self-employed,57630,44937,Personal,16,8,70198,0.76,0.12,1,0
537,53,Employed,26282,5188,Home,20,7,27197,0.81,0.23,5,0
538,51,Employed,63425,13207,Car,5,5,20719,0.89,0.35,9,0
539,69,Employed,42754,1238,Car,13,5,90201,0.26,0.76,7,1
540,48,Employed,52201,33972,Home,18,4,25032,0.22,0.58,6,1
541,27,Unemployed,74183,11799,Home,17,0,59624,0.47,0.69,6,0
542,36,Employed,63452,6552,Car,9,8,78177,0.27,0.57,11,1
543,49,Unemployed,45972,29916,Education,14,8,41964,0.73,0.68,7,1
544,18,Employed,36632,5927,Education,17,8,30028,0.64,0.0,1,0
545,22,Self-employed,17722,28964,Car,4,7,54646,0.87,0.93,4,1
546,62,Employed,39212,12164,Education,18,9,81187,0.08,0.11,13,0
547,21,Employed,46833,38158,Car,20,2,8536,0.92,0.41,1,0
548,33,Self-employed,35192,20071,Education,24,0,56747,0.29,0.77,6,0
549,41,Employed,48031,49409,Car,24,7,45712,0.49,0.44,14,1
550,33,Self-employed,51152,7160,Car,15,6,6273,0.44,0.95,13,1
551,19,Employed,46627,16810,Education,11,4,71820,0.76,0.47,4,1
552,66,Employed,40249,6126,Home,12,9,91228,0.42,0.87,1,1
553,45,Employed,52529,31009,Education,9,6,74353,0.94,0.81,9,1
554,49,Unemployed,56629,34584,Car,13,9,94491,0.9,0.98,12,1
555,44,Employed,33644,47182,Home,15,3,92091,0.87,0.93,4,0
556,37,Employed,71163,26396,Home,15,8,85914,0.07,0.9,12,1
557,41,Employed,48521,1192,Home,5,9,50830,0.85,0.73,6,1
558,29,Employed,50282,37413,Car,23,1,17127,0.78,0.37,13,0
559,67,Employed,60623,13816,Education,19,8,83488,0.1,0.11,7,0
560,52,Unemployed,53498,40082,Home,20,8,11539,0.11,0.69,8,1
561,50,Self-employed,64297,33130,Education,14,4,46761,0.1,0.98,12,1
562,50,Self-employed,54306,41142,Education,17,0,46219,0.01,0.73,13,0
563,68,Unemployed,40813,37468,Home,18,6,14692,0.55,0.93,11,1
564,60,Employed,55422,31698,Education,21,9,83656,0.97,0.8,9,1
565,54,Unemployed,32844,11655,Personal,3,9,13334,0.44,0.16,9,0
566,29,Employed,51628,48897,Education,2,3,28615,0.54,0.25,8,0
567,20,Employed,49501,31075,Education,1,8,7903,0.97,0.34,10,0
568,18,Employed,46878,10359,Personal,10,5,28527,0.26,0.17,11,0
569,50,Employed,48071,37661,Car,19,2,15629,0.86,0.58,12,0
570,57,Unemployed,21772,40579,Home,17,5,58008,0.55,0.98,12,1
571,27,Employed,41769,43056,Education,12,9,83276,0.57,0.76,14,1
572,60,Employed,51392,34272,Car,1,5,99318,0.34,0.42,3,1
573,61,Employed,52397,43581,Car,12,4,26708,0.56,0.0,12,0
574,46,Self-employed,34584,15671,Home,17,1,10860,0.07,0.31,2,0
575,30,Employed,68985,28048,Education,24,9,17438,0.76,0.53,5,1
576,29,Employed,37007,11738,Home,3,9,67300,0.28,0.32,1,0
577,48,Employed,64541,26963,Personal,11,1,71545,0.89,0.11,3,0
578,63,Unemployed,56407,44954,Home,17,6,20842,0.37,0.44,1,1
579,19,Employed,40306,7773,Home,23,1,60213,0.14,0.25,13,0
580,68,Employed,76629,37584,Car,3,5,42372,0.7,0.91,3,1
581,67,Employed,32095,30894,Home,8,4,98971,0.16,0.1,13,0
582,52,Employed,63787,1717,Car,20,3,68906,0.75,0.05,4,0
583,40,Employed,65008,12676,Personal,4,6,38744,0.97,0.01,7,0
584,34,Employed,39940,5434,Education,21,7,57442,0.78,0.33,12,0
585,43,Self-employed,70886,38825,Home,22,3,85990,0.02,0.66,12,0
586,25,Employed,46249,30100,Home,7,0,3650,0.6,0.73,5,0
587,46,Employed,54330,5994,Education,14,0,45117,0.7,0.45,5,0
588,43,Self-employed,53904,5234,Personal,14,0,91244,0.83,0.68,13,0
589,27,Employed,47985,4764,Car,4,0,52772,0.06,0.36,1,0
590,43,Employed,62162,44949,Car,16,4,3190,0.48,0.67,8,1
591,51,Employed,61902,38405,Home,24,3,48113,0.54,0.04,13,0
592,68,Employed,23772,35872,Education,22,8,8789,0.17,0.39,4,0
593,58,Self-employed,69565,43215,Car,1,2,32125,0.32,0.79,10,0
594,24,Employed,25062,24185,Home,17,6,98695,0.44,0.8,5,1
595,21,Unemployed,65488,44442,Home,10,7,17459,0.83,0.72,2,1
596,67,Employed,66900,42153,Education,22,5,35418,0.93,0.2,12,0
597,62,Employed,33635,12999,Home,16,9,47085,0.63,0.25,13,0
598,28,Employed,43837,37487,Home,16,0,18768,0.39,1.0,1,0
599,46,Employed,33414,3581,Car,8,7,49961,0.25,0.1,9,0
600,53,Employed,46776,3763,Home,7,9,81099,0.98,0.18,2,0
601,42,Unemployed,45379,28374,Home,6,2,27885,0.98,0.13,6,0
602,38,Employed,61694,39759,Education,16,7,87421,0.92,0.33,1,0
603,53,Self-employed,69654,11531,Education,20,3,61082,0.79,0.21,1,0
604,27,Employed,70935,26307,Education,16,7,6895,0.33,0.5,9,1
605,54,Unemployed,41567,31835,Education,7,0,50311,0.82,0.48,4,0
606,26,Unemployed,46861,12064,Car,9,2,89494,0.41,0.9,9,0
607,41,Unemployed,24748,12312,Education,14,5,67067,0.33,0.03,11,0
608,52,Unemployed,37911,38548,Home,11,8,71017,0.74,0.32,5,0
609,66,Unemployed,64472,37945,Car,14,1,23932,0.08,0.6,7,0
610,52,Employed,74233,48937,Personal,7,0,21360,0.05,0.6,1,0
611,65,Employed,31484,7476,Home,1,9,54847,0.45,0.48,6,1
612,53,Employed,41113,25565,Home,13,2,90365,0.45,0.82,8,0
613,35,Self-employed,49603,3382,Car,20,3,85468,0.9,0.06,14,0
614,66,Employed,54202,23463,Home,3,4,38931,0.13,0.82,1,1
615,56,Unemployed,37855,46276,Home,20,2,55823,0.12,0.49,9,0
616,49,Employed,56360,34402,Education,4,9,38032,0.15,0.13,3,0
617,41,Employed,42892,27345,Personal,11,1,81426,0.03,0.89,1,0
618,40,Employed,49783,45764,Car,2,1,18807,0.07,0.65,1,0
619,49,Employed,58194,27946,Home,14,6,11767,0.66,0.16,13,0
620,54,Employed,50096,15162,Home,12,8,8071,0.43,0.03,14,0
621,29,Employed,43454,47773,Education,17,9,53413,0.76,0.14,11,0
622,66,Employed,48355,9397,Car,12,1,26149,0.99,0.61,6,0
623,30,Employed,48674,23335,Home,12,6,15540,0.66,0.18,11,0
624,40,Employed,44449,46095,Car,1,6,70248,0.05,0.23,6,0
625,42,Employed,46118,15394,Home,13,6,91737,0.1,0.03,1,0
626,52,Unemployed,73979,28197,Car,14,2,85435,0.88,0.72,14,0
627,58,Employed,58413,23010,Education,24,6,19787,0.53,0.81,14,1
628,47,Employed,45567,25123,Car,2,0,20982,0.82,0.8,3,0
629,34,Employed,60454,23387,Car,12,9,22606,0.86,0.13,7,0
630,66,Employed,44992,3890,Home,21,0,10150,0.93,0.9,10,0
631,37,Employed,67596,28769,Education,16,4,85929,0.95,0.67,3,1
632,65,Employed,55544,44626,Car,4,1,46936,0.55,0.9,3,0
633,42,Employed,48390,9026,Home,8,8,93286,0.34,0.45,3,1
634,39,Employed,56715,4306,Car,2,6,8593,0.96,0.44,12,1
635,30,Employed,26436,34665,Home,10,3,17358,0.55,0.78,7,0
636,36,Unemployed,33098,10277,Education,9,3,82143,0.06,0.09,4,0
637,66,Unemployed,32091,43239,Car,23,1,37381,0.64,0.52,4,0
638,53,Employed,52144,48664,Personal,15,4,90347,0.59,0.84,3,1
639,29,Employed,75987,49008,Home,13,3,28074,0.9,0.83,10,0
640,58,Employed,83469,15683,Education,23,0,20595,0.65,0.96,11,0
641,36,Employed,59570,1670,Car,17,7,44194,0.35,0.7,9,1
642,29,Self-employed,57512,24675,Education,16,2,49377,0.97,0.21,2,0
643,26,Employed,22984,18889,Home,2,5,26853,0.8,0.02,4,0
644,24,Employed,41859,45535,Car,20,3,73719,0.63,0.48,8,0
645,45,Employed,38183,14006,Education,20,8,20661,0.29,0.51,6,1
646,31,Unemployed,40687,49536,Home,14,6,50493,0.37,0.24,14,0
647,48,Employed,47477,27531,Home,3,8,36495,0.67,0.12,7,0
648,69,Employed,42918,22639,Car,23,9,13703,0.07,0.59,13,1
649,36,Employed,20310,17633,Car,12,2,53080,0.26,0.76,7,0
650,64,Employed,61218,35660,Home,8,0,30815,0.71,0.99,2,0
651,33,Employed,33908,4439,Home,2,4,29565,0.48,0.76,4,1
652,22,Employed,53588,33172,Home,4,2,63321,0.4,0.79,10,0
653,52,Employed,81111,36622,Education,14,5,58453,0.15,0.62,10,1
654,29,Employed,36209,12577,Car,16,7,88478,0.44,0.99,6,1
655,42,Employed,12045,12763,Education,19,3,33161,0.77,0.64,3,0
656,69,Employed,45709,21176,Personal,2,4,55991,0.26,0.86,9,1
657,38,Employed,66514,45386,Car,12,4,9716,0.01,0.95,13,1
658,53,Employed,79375,25255,Home,14,3,33349,0.67,0.93,4,0
659,40,Unemployed,31556,42003,Home,6,3,47098,0.97,0.38,10,0
660,33,Employed,57450,20996,Home,13,3,132,0.61,0.08,13,0
661,56,Employed,43020,36386,Personal,4,3,51990,0.12,0.17,2,0
662,62,Employed,48410,22062,Car,22,3,68921,0.32,0.06,6,0
663,59,Employed,89665,36931,Home,18,4,36538,0.87,0.11,1,0
664,56,Unemployed,27455,36710,Home,12,1,99279,0.23,0.18,6,0
665,31,Employed,53806,35693,Car,20,1,7213,0.61,0.34,13,0
666,48,Self-employed,57015,36740,Car,22,8,44223,0.4,0.54,12,1
667,22,Employed,66286,12705,Home,21,1,91655,0.21,0.71,10,0
668,52,Employed,51469,44408,Personal,19,5,68371,0.81,0.21,1,0
669,40,Unemployed,54620,29047,Car,8,1,68274,0.74,0.67,14,0
670,46,Unemployed,44125,11966,Home,7,4,4134,0.66,0.7,8,1
671,60,Unemployed,54036,18374,Education,16,3,91428,0.24,0.56,5,0
672,28,Unemployed,44852,12138,Home,19,6,39601,0.1,0.9,6,1
673,35,Employed,59323,16935,Personal,6,6,73889,0.58,0.11,2,0
674,64,Unemployed,44455,46913,Personal,20,5,15690,0.55,0.18,2,0
675,29,Employed,55656,1489,Education,21,9,1909,0.19,0.43,12,1
676,26,Unemployed,49561,45516,Education,11,4,91239,0.06,0.13,9,0
677,27,Employed,66890,23260,Home,5,0,80032,0.08,0.57,3,0
678,61,Unemployed,49229,27069,Personal,16,2,12062,0.99,0.4,6,0
679,34,Employed,23404,20275,Car,7,8,75386,0.78,0.28,10,0
680,55,Employed,68928,37284,Education,5,0,93237,0.92,0.17,5,0
681,24,Employed,36414,40178,Personal,11,4,34731,0.2,0.34,14,0
682,63,Unemployed,40193,33821,Personal,15,1,5153,0.96,0.61,12,0
683,30,Employed,41065,17999,Education,3,3,10481,0.14,0.58,4,0
684,57,Employed,70616,39712,Home,5,0,99270,0.51,0.16,10,0
685,59,Employed,17964,41172,Personal,23,2,66425,0.83,0.12,2,0
686,26,Employed,97066,34722,Car,21,9,63600,0.35,0.03,8,0
687,67,Unemployed,65840,11625,Personal,5,6,84981,0.42,0.01,10,0
688,44,Employed,53348,2629,Car,9,9,71997,0.13,0.88,7,1
689,19,Self-employed,49176,11973,Home,15,2,28205,0.12,0.05,11,0
690,22,Employed,54283,7859,Home,3,3,88887,0.62,0.73,2,0
691,46,Employed,57816,42609,Car,6,1,81542,0.68,0.87,6,0
692,54,Unemployed,59678,44307,Education,17,2,44149,0.78,0.1,14,0
693,55,Employed,58334,46450,Home,21,8,49112,0.56,0.44,8,1
694,36,Employed,51343,37046,Car,8,2,10940,0.65,0.96,7,0
695,25,Employed,47039,22839,Home,21,4,59010,0.01,0.83,1,1
696,65,Unemployed,47730,28216,Education,11,1,76794,0.16,0.49,5,0
697,62,Employed,47076,19945,Car,6,3,24485,0.98,0.76,2,0
698,18,Self-employed,67006,7539,Home,8,6,89299,0.08,0.83,6,1
699,39,Self-employed,58903,34625,Home,10,6,1067,0.68,0.35,7,0
700,69,Employed,5894,5886,Home,24,2,20607,0.18,0.89,14,0
701,34,Employed,59838,46713,Car,3,4,61597,0.72,0.47,14,1
702,24,Employed,52921,8485,Home,23,0,74554,0.71,0.53,7,0
703,42,Employed,49719,32455,Home,14,9,48521,0.23,1.0,3,1
704,62,Employed,44172,47448,Personal,23,9,15187,0.27,0.84,7,1
705,21,Employed,66861,17767,Education,14,9,3985,0.65,0.36,5,0
706,53,Employed,64212,48165,Car,10,0,43052,0.39,0.01,8,0
707,23,Unemployed,38406,29453,Personal,12,4,19563,0.19,0.63,12,1
708,48,Unemployed,56105,11744,Home,6,9,47322,0.73,0.7,8,1
709,36,Unemployed,35425,38102,Car,12,8,61245,0.15,0.65,7,1
710,61,Employed,29305,13226,Car,23,0,51514,0.86,0.97,6,0
711,56,Employed,40599,28869,Car,14,0,18608,0.51,0.86,2,0
712,44,Employed,62935,23588,Home,2,3,67262,0.11,0.45,6,0
713,27,Self-employed,64296,14440,Car,9,3,92118,0.69,0.06,13,0
714,43,Employed,57696,32709,Car,10,1,71327,0.52,0.48,12,0
715,36,Unemployed,60876,48788,Education,17,8,57225,0.3,0.69,11,1
716,56,Employed,57742,23495,Home,17,8,73994,0.42,0.61,9,1
717,20,Employed,40377,38019,Home,3,1,17221,0.3,0.54,2,0
718,62,Unemployed,56478,45948,Home,19,8,48506,0.26,0.47,1,1
719,30,Employed,62006,49908,Home,1,5,20968,0.16,0.29,11,0
720,67,Unemployed,61314,1922,Car,12,7,82606,0.36,0.28,13,0
721,45,Self-employed,67833,28526,Home,7,9,27937,0.25,0.5,5,1
722,37,Employed,60624,8957,Education,4,3,62435,0.68,0.16,11,0
723,45,Employed,55271,49564,Home,10,1,49508,0.68,0.34,6,0
724,25,Employed,66052,34998,Home,13,1,41831,0.5,0.32,3,0
725,58,Self-employed,49602,44395,Car,2,8,42933,0.78,0.59,8,1
726,56,Employed,36771,25031,Home,10,0,47307,0.84,0.07,7,0
727,18,Employed,47553,11006,Car,21,6,48340,0.58,0.83,2,1
728,20,Employed,38826,38701,Car,22,2,86338,0.62,0.56,12,0
729,30,Unemployed,39872,48063,Home,4,2,43601,0.28,0.67,7,0
730,45,Employed,47832,26939,Home,18,1,75956,0.89,0.7,1,0
731,66,Unemployed,38113,21324,Home,5,9,72178,0.02,0.29,9,0
732,42,Self-employed,45380,23867,Home,19,5,85311,0.35,0.47,13,1
733,50,Employed,21595,1203,Home,2,9,28754,0.72,0.96,7,1
734,55,Employed,53199,17544,Home,12,1,43310,0.08,0.77,6,0
735,23,Self-employed,50018,16899,Home,17,9,69893,0.18,0.97,13,1
736,61,Employed,37743,30063,Car,10,3,86799,0.59,0.75,2,0
737,62,Unemployed,59888,26344,Car,2,9,48367,0.56,0.18,3,0
738,49,Employed,64063,4748,Car,6,8,13201,0.74,0.06,1,0
739,62,Employed,25886,40486,Home,8,8,2739,0.81,0.58,10,1
740,64,Unemployed,38559,2093,Home,19,5,13231,0.13,0.36,13,0
741,38,Employed,38462,16228,Education,11,3,42495,0.02,0.28,5,0
742,33,Employed,35901,21884,Car,12,6,21168,0.69,0.81,9,1
743,38,Employed,62442,26183,Education,9,0,32624,0.3,0.37,13,0
744,28,Employed,47092,17034,Home,2,3,10635,0.63,0.32,6,0
745,54,Employed,46032,6710,Car,8,4,9964,0.15,0.85,5,1
746,53,Employed,19942,43500,Car,11,7,27785,0.47,0.85,12,1
747,52,Self-employed,59531,20259,Home,21,1,95046,0.5,0.36,3,0
748,36,Employed,31411,36959,Car,4,4,82797,0.59,0.83,5,1
749,37,Employed,50898,34457,Car,10,5,84790,0.51,0.85,8,1
750,35,Employed,54160,21143,Home,21,4,76928,0.5,0.42,12,1
751,64,Unemployed,70409,3103,Home,20,8,12336,0.33,0.07,2,0
752,58,Employed,30367,1365,Education,16,9,77475,0.07,0.0,5,0
753,66,Self-employed,4707,47778,Personal,8,0,27412,0.09,0.52,6,0
754,31,Employed,52757,45535,Home,4,2,82212,0.43,0.34,10,0
755,32,Employed,77007,17103,Home,10,1,75379,0.36,1.0,8,0
756,48,Employed,68584,33510,Home,12,2,45591,0.52,0.77,8,0
757,18,Employed,53144,25476,Car,14,9,61750,0.3,0.76,5,1
758,20,Employed,42625,13742,Home,16,8,90648,0.69,0.96,9,1
759,33,Employed,62106,13391,Personal,22,8,96134,0.86,0.89,4,1
760,40,Unemployed,35396,37940,Home,18,9,35454,0.3,0.32,12,0
761,28,Employed,57145,29901,Home,21,1,98537,0.19,0.17,9,0
762,29,Employed,57582,33001,Car,22,2,62672,0.12,0.75,11,0
763,27,Employed,65903,16623,Education,21,3,27228,0.62,0.38,7,0
764,49,Unemployed,91394,3378,Car,12,8,14429,0.44,0.47,6,1
765,33,Employed,55886,22372,Car,18,2,84294,0.19,0.63,4,0
766,25,Employed,42365,45799,Personal,7,6,67808,0.65,0.91,2,1
767,55,Employed,49616,39437,Home,20,2,82886,0.15,0.42,8,0
768,29,Unemployed,23463,36503,Education,24,6,53015,0.55,0.78,6,1
769,41,Employed,39579,31746,Home,23,6,88074,0.53,0.27,12,0
770,45,Employed,43860,28923,Education,7,8,68936,0.73,0.7,3,1
771,25,Unemployed,42138,10867,Car,9,1,80907,0.06,0.0,7,0
772,45,Unemployed,52285,42258,Home,1,5,57378,0.89,0.87,10,1
773,53,Employed,37663,34724,Education,6,8,37310,0.7,0.03,7,0
774,43,Unemployed,66815,10306,Home,6,1,83683,0.22,0.71,6,0
775,25,Employed,50003,40391,Home,22,1,68827,0.18,0.05,2,0
776,67,Employed,49860,15908,Car,12,4,35256,0.43,0.27,8,0
777,45,Employed,45081,28081,Home,22,9,76428,0.82,0.5,1,1
778,45,Employed,52327,38228,Car,12,9,99862,0.84,0.42,13,1
779,54,Employed,62376,24386,Home,10,9,38889,0.52,0.19,1,0
780,58,Self-employed,36993,47754,Home,23,7,51428,0.86,0.33,6,0
781,53,Employed,40128,46406,Home,6,8,37207,0.01,0.73,5,1
782,44,Employed,45444,29302,Home,17,1,50255,0.04,0.67,9,0
783,34,Employed,29811,20212,Car,19,4,91531,0.91,0.07,13,0
784,26,Self-employed,37711,36618,Education,18,6,5409,0.78,0.75,12,1
785,50,Employed,42856,47067,Personal,6,5,42438,0.45,0.05,7,0
786,37,Employed,63115,11698,Education,24,5,95359,0.75,0.54,2,1
787,30,Employed,53938,5594,Home,19,6,7869,0.96,0.26,13,0
788,45,Employed,52903,26525,Car,10,2,56862,0.77,0.59,12,0
789,65,Self-employed,62763,15282,Home,24,2,87937,0.84,0.26,7,0
790,46,Self-employed,47939,15334,Home,8,9,25958,0.76,0.98,3,1
791,30,Employed,55856,30179,Car,21,8,76302,0.17,0.31,1,0
792,63,Self-employed,48451,7644,Home,24,7,19768,0.83,0.24,11,0
793,52,Employed,53980,36618,Home,6,4,96330,0.2,0.28,8,0
794,23,Unemployed,41258,48701,Personal,21,5,26145,0.89,0.9,14,1
795,35,Employed,13417,33933,Car,7,9,75622,0.46,0.64,12,1
796,68,Employed,47985,44469,Car,24,0,26442,0.68,0.73,3,0
797,22,Employed,71341,34687,Home,1,9,81948,0.5,0.92,11,1
798,64,Employed,63893,42073,Home,18,0,25596,0.09,0.91,8,0
799,42,Employed,64480,18375,Education,24,3,75791,0.29,0.74,7,0
800,19,Employed,68541,49483,Home,20,1,42406,0.98,0.2,12,0
801,27,Employed,51329,31926,Car,12,6,40524,0.96,0.84,2,1
802,47,Unemployed,52959,37607,Home,16,1,23332,0.32,0.2,13,0
803,67,Employed,40735,18642,Car,10,9,15764,1.0,0.74,14,1
804,62,Employed,45258,24993,Home,10,1,27563,0.85,0.69,14,0
805,22,Self-employed,59236,45386,Education,14,4,87675,0.61,0.76,1,1
806,50,Employed,68058,47287,Education,20,3,36370,0.04,0.53,7,0
807,18,Employed,47908,22188,Education,10,7,5062,0.9,0.64,13,1
808,35,Employed,43247,33596,Home,10,3,44645,0.56,0.95,1,0
809,49,Unemployed,50007,28772,Education,11,5,7244,0.87,0.1,6,0
810,64,Employed,59018,31857,Car,23,4,6372,0.83,0.31,13,0
811,66,Employed,28342,11776,Home,2,1,85501,0.83,0.61,11,0
812,28,Unemployed,15557,33835,Car,20,7,64471,0.7,0.96,10,1
813,38,Self-employed,41741,10788,Home,8,1,16956,0.29,0.1,11,0
814,43,Employed,31689,6660,Home,23,8,40473,0.34,0.02,10,0
815,42,Employed,42377,5478,Education,7,8,13894,0.31,0.06,8,0
816,39,Employed,47783,9210,Home,8,2,98918,0.02,0.05,7,0
817,44,Unemployed,43201,11922,Car,1,3,69586,0.58,0.91,4,0
818,66,Employed,71787,37289,Home,21,7,16709,0.7,0.72,1,1
819,30,Employed,54901,34340,Education,2,8,81258,0.85,0.68,1,1
820,50,Self-employed,54507,40850,Personal,18,2,15210,0.14,0.52,4,0
821,51,Employed,59333,39163,Education,15,4,49510,0.54,0.78,5,1
822,58,Employed,32917,49175,Home,1,7,38674,0.01,0.16,12,0
823,52,Employed,65586,19642,Home,5,2,17733,0.1,0.39,7,0
824,18,Employed,48863,12094,Car,2,6,20080,0.05,0.49,14,1
825,38,Employed,60057,23423,Home,20,7,53412,0.73,0.11,4,0
826,65,Employed,33922,34418,Home,3,9,58971,0.08,0.42,10,1
827,23,Employed,26693,6741,Car,19,2,39709,0.72,0.32,14,0
828,45,Employed,62268,47049,Car,18,1,59846,0.25,0.04,12,0
829,34,Self-employed,55646,7838,Personal,22,9,65480,0.88,0.14,1,0
830,22,Employed,36469,4262,Home,18,6,52960,0.81,0.76,11,1
831,48,Self-employed,36955,5996,Home,14,8,41152,0.96,0.02,10,0
832,22,Employed,66881,45594,Home,24,0,27250,0.88,0.93,7,0
833,55,Unemployed,32158,23164,Personal,8,2,85765,0.93,0.09,2,0
834,20,Unemployed,74640,36595,Education,12,4,48137,0.86,0.8,13,1
835,40,Employed,36490,31257,Education,21,2,82011,0.69,0.9,11,0
836,54,Unemployed,59575,15211,Personal,10,0,46412,0.17,0.94,2,0
837,54,Unemployed,45070,31453,Car,23,6,43876,0.27,0.87,8,1
838,27,Employed,59047,6232,Car,20,6,94547,0.21,0.29,12,0
839,27,Employed,41838,3217,Home,17,9,73664,0.6,0.33,10,0
840,36,Employed,47558,25229,Car,11,7,50227,0.5,0.43,10,1
841,34,Unemployed,50613,15232,Car,2,4,32450,0.87,0.14,10,0
842,38,Unemployed,34967,26613,Car,4,9,84433,0.95,0.02,5,0
843,31,Unemployed,61112,15026,Personal,1,4,73704,0.4,0.87,10,1
844,26,Employed,42301,29554,Personal,15,4,6861,0.51,0.55,2,1
845,63,Unemployed,46571,31908,Education,13,0,61914,0.97,0.61,5,0
846,18,Employed,35084,20610,Education,8,9,63888,0.28,0.93,8,1
847,68,Employed,11564,47646,Car,4,4,79286,0.79,0.67,6,1
848,62,Employed,47134,40605,Home,10,5,61293,0.23,0.69,3,1
849,30,Employed,86189,8031,Home,19,0,82524,0.68,0.79,8,0
850,21,Employed,61769,48574,Car,18,6,68515,0.25,0.12,14,0
851,18,Employed,49711,26515,Education,5,0,23524,0.88,0.36,9,0
852,66,Employed,46056,37484,Home,19,1,7065,0.56,0.97,5,0
853,57,Employed,50336,37182,Personal,23,1,37684,0.19,0.92,13,0
854,49,Employed,58206,1570,Home,22,4,88720,0.22,0.88,2,1
855,51,Employed,32287,33254,Home,16,9,33365,0.49,0.45,2,1
856,45,Employed,66714,20288,Car,1,6,58876,0.96,0.86,7,1
857,48,Employed,60730,14288,Home,12,0,23704,0.77,0.05,1,0
858,25,Employed,60772,30877,Home,24,9,57857,0.49,0.15,10,0
859,56,Employed,56577,19889,Home,2,0,5622,0.34,0.41,12,0
860,43,Employed,50294,1917,Education,21,0,83797,0.55,0.48,2,0
861,51,Employed,60092,11066,Car,8,5,93955,0.75,0.26,10,0
862,20,Employed,58877,30504,Car,18,1,91141,0.78,0.36,4,0
863,67,Employed,44689,7982,Car,16,0,94707,0.32,0.16,1,0
864,29,Unemployed,41395,40104,Home,5,5,87700,0.72,0.49,4,1
865,18,Employed,51527,19062,Personal,22,1,79332,0.66,0.79,13,0
866,61,Employed,73235,17999,Home,13,5,96856,0.96,0.66,12,1
867,22,Employed,31413,10941,Personal,19,9,66201,0.93,0.11,11,0
868,47,Employed,27987,24470,Car,3,7,32694,0.79,0.49,13,1
869,47,Employed,52471,46148,Personal,8,1,89766,0.72,0.7,10,0
870,34,Employed,50763,22133,Home,12,8,22995,0.27,0.53,5,1
871,65,Employed,52600,45435,Car,2,7,92320,0.85,0.39,9,0
872,64,Employed,53659,5529,Home,11,9,80141,0.43,0.62,1,1
873,40,Employed,46651,18519,Home,12,0,82999,0.27,0.97,12,0
874,32,Unemployed,72347,13192,Car,18,6,8419,0.38,0.09,5,0
875,54,Unemployed,25986,9566,Home,13,9,47952,0.84,0.39,2,0
876,38,Unemployed,37572,8226,Car,5,5,33837,0.15,0.41,9,1
877,31,Self-employed,48451,38930,Home,22,5,70799,0.46,0.58,6,1
878,19,Employed,25352,22259,Home,12,5,48877,0.49,0.15,2,0
879,28,Employed,47362,35087,Education,2,5,45687,0.04,0.18,14,0
880,68,Employed,74922,2141,Car,5,9,99667,0.2,0.29,3,0
881,56,Employed,50313,5627,Car,7,6,37276,0.83,0.96,14,1
882,55,Unemployed,53460,48269,Car,24,2,34523,0.83,0.73,8,0
883,51,Employed,31097,3690,Education,12,5,66055,0.29,0.66,1,1
884,55,Self-employed,40754,41091,Home,16,2,54615,0.87,0.82,12,0
885,67,Employed,44372,4255,Car,23,6,96642,0.77,0.13,3,0
886,51,Self-employed,45234,6213,Personal,8,6,10514,0.42,0.86,13,1
887,35,Employed,69224,37876,Education,9,7,47456,0.75,0.59,10,1
888,47,Employed,58365,20404,Car,15,1,7233,0.96,0.34,1,0
889,32,Employed,33328,26380,Car,5,8,1102,0.46,0.82,11,1
890,44,Employed,53697,26520,Education,13,4,66133,0.24,0.8,11,1
891,68,Employed,57473,20173,Car,5,8,46715,0.94,0.85,8,1
892,51,Employed,67102,24989,Home,11,9,85193,0.6,0.12,1,0
893,69,Unemployed,73708,43570,Home,10,4,6256,0.11,0.97,13,1
894,55,Employed,34773,25519,Education,20,6,64800,0.57,0.96,5,1
895,50,Employed,37837,23439,Home,13,8,94937,0.5,0.36,4,0
896,41,Employed,31136,12413,Education,9,3,41548,0.86,0.07,7,0
897,32,Unemployed,46489,15995,Home,21,1,72090,0.53,0.17,14,0
898,47,Employed,56995,24559,Car,14,8,78200,0.26,0.99,5,1
899,59,Employed,64810,46351,Home,18,1,42367,0.68,0.56,8,0
900,68,Employed,48860,24513,Home,15,2,89922,0.54,0.36,12,0
901,34,Employed,45202,6021,Personal,10,9,70382,0.23,0.29,14,0
902,22,Employed,52276,33464,Education,24,1,26205,0.57,0.26,11,0
903,46,Employed,37472,22119,Car,7,2,25570,0.82,0.66,1,0
904,21,Employed,81343,30299,Car,8,5,30255,0.03,0.42,5,1
905,27,Unemployed,25885,40350,Car,3,2,21182,0.63,0.97,4,0
906,34,Employed,52771,47223,Car,15,9,39373,0.35,0.68,3,1
907,27,Employed,80354,26517,Car,16,7,43019,0.29,0.79,5,1
908,34,Employed,50101,14117,Home,4,5,62619,0.39,0.29,10,0
909,37,Self-employed,47149,23250,Car,21,6,16043,0.34,0.08,3,0
910,41,Employed,44638,19950,Education,6,0,45532,0.83,0.49,8,0
911,22,Unemployed,47294,18359,Personal,1,2,65936,0.27,0.31,13,0
912,51,Employed,70592,24596,Home,4,2,19239,0.73,0.2,3,0
913,23,Employed,16822,26530,Education,11,1,10416,0.09,0.95,1,0
914,19,Employed,73001,2262,Car,12,6,3412,0.95,0.44,9,1
915,30,Self-employed,28640,41150,Car,5,8,81976,0.62,0.17,9,0
916,60,Employed,46000,23615,Home,23,3,24406,0.71,0.2,6,0
917,60,Unemployed,43561,4327,Car,21,4,1875,0.3,0.28,10,0
918,65,Unemployed,58828,30768,Home,16,2,37066,0.41,1.0,1,0
919,28,Employed,26028,29850,Home,13,8,5752,0.22,0.27,8,0
920,68,Employed,56932,43788,Education,13,3,86753,0.93,0.33,2,0
921,64,Employed,80364,17848,Education,17,4,78025,0.49,0.66,9,1
922,40,Employed,29552,47830,Car,7,0,1353,0.63,0.29,14,0
923,33,Unemployed,52845,40542,Personal,8,1,26986,0.73,0.22,8,0
924,48,Self-employed,40070,16160,Home,13,8,86907,0.37,0.16,3,0
925,28,Employed,56388,34998,Home,23,1,14691,0.72,0.31,13,0
926,33,Employed,50287,28230,Car,16,4,69847,0.68,0.11,5,0
927,25,Unemployed,40377,10076,Home,4,7,48075,0.71,0.02,9,0
928,21,Employed,57318,4805,Home,8,2,10794,0.49,0.8,13,0
929,57,Unemployed,77065,32085,Home,16,5,68470,0.38,0.14,1,0
930,21,Employed,47136,15715,Home,21,3,16406,0.22,0.78,9,0
931,42,Employed,60796,6750,Education,10,6,75930,0.82,0.8,4,1
932,20,Employed,30600,49395,Home,12,9,26872,0.61,0.54,4,1
933,49,Employed,35653,14232,Car,12,2,41708,0.44,0.31,4,0
934,20,Employed,57086,36903,Home,5,5,20800,0.94,0.15,10,0
935,44,Employed,72261,7953,Car,16,9,43397,0.05,0.74,12,1
936,46,Employed,55334,33093,Home,1,8,37909,0.85,0.6,9,1
937,49,Unemployed,45304,26500,Education,9,9,21352,1.0,0.66,14,1
938,67,Unemployed,49989,23418,Car,12,0,93848,0.89,0.01,6,0
939,68,Employed,31243,35314,Home,5,2,15438,0.81,0.93,11,0
940,36,Employed,59067,49225,Car,22,1,88921,0.37,0.07,8,0
941,38,Employed,63234,23449,Home,20,7,44999,0.23,0.37,12,0
942,22,Employed,43218,18478,Car,22,6,18482,0.73,0.4,14,0
943,35,Employed,42949,36179,Home,24,1,32471,0.3,0.0,4,0
944,45,Employed,53988,47881,Personal,3,5,47279,0.18,0.5,3,1
945,59,Employed,43449,26338,Home,5,2,54213,0.79,0.75,14,0
946,39,Employed,49008,27899,Car,2,7,13026,0.31,0.82,1,1
947,38,Employed,81495,5145,Home,14,9,85184,0.91,0.88,10,1
948,23,Employed,46294,33101,Home,2,2,5435,0.84,0.49,7,0
949,18,Self-employed,44624,3775,Car,13,9,8493,0.85,0.63,4,1
950,22,Employed,40286,46961,Personal,7,8,72227,0.77,0.08,14,0
951,58,Employed,61162,32647,Home,10,0,59321,0.88,0.49,8,0
952,29,Employed,47281,46619,Home,13,4,2763,0.81,0.15,14,0
953,43,Employed,40259,46838,Home,16,2,20389,0.6,0.37,3,0
954,63,Unemployed,69819,20539,Home,14,5,31498,0.3,0.33,1,0
955,51,Employed,71294,37738,Home,11,9,63755,0.89,0.42,5,1
956,66,Self-employed,40993,27616,Car,10,1,35825,0.84,0.57,14,0
957,31,Employed,22001,15119,Home,6,8,16934,0.47,0.9,2,1
958,43,Employed,65112,26159,Home,4,5,5574,0.04,0.39,3,0
959,62,Unemployed,39730,38099,Education,21,6,38179,0.64,0.98,14,1
960,44,Employed,61859,11295,Home,1,4,1587,0.05,0.76,6,1
961,26,Employed,20448,35710,Home,7,8,42782,0.93,0.51,3,1
962,43,Employed,63388,25685,Home,24,0,54412,0.96,0.64,3,0
963,64,Employed,31832,26479,Car,9,4,60561,0.19,0.1,12,0
964,39,Unemployed,60961,47172,Home,8,9,77224,0.68,0.84,6,1
965,64,Employed,50214,34629,Car,5,5,4409,0.09,0.58,5,1
966,47,Employed,35690,43043,Home,19,6,71319,0.73,0.99,10,1
967,60,Employed,43894,18033,Car,10,3,99016,0.35,0.64,9,0
968,65,Employed,60294,37902,Home,11,0,26751,0.68,0.83,1,0
969,34,Employed,51588,45571,Car,15,7,38174,0.37,0.8,13,1
970,43,Employed,58766,16408,Education,6,9,56572,0.15,0.35,3,0
971,53,Employed,79646,18420,Car,15,3,61416,0.41,0.26,3,0
972,18,Unemployed,26536,17351,Home,5,2,12041,0.11,0.43,11,0
973,25,Employed,74258,5131,Home,19,6,23227,0.58,0.47,6,1
974,66,Employed,51565,45825,Home,22,1,35201,0.04,0.24,8,0
975,52,Unemployed,36518,12349,Home,19,7,36069,0.53,0.89,3,1
976,69,Employed,30045,45254,Home,10,5,82190,0.89,0.54,3,1
977,32,Employed,47163,39225,Education,12,6,26370,0.84,0.98,6,1
978,64,Employed,63824,39847,Home,22,4,95018,0.88,0.81,8,1
979,39,Employed,48086,13453,Car,4,8,11586,0.92,0.56,6,1
980,31,Employed,72667,19814,Car,18,4,50231,0.1,0.95,13,1
981,43,Self-employed,28232,19263,Car,16,4,5322,0.13,0.5,12,1
982,45,Employed,49818,13158,Home,8,2,65294,0.56,0.89,14,0
983,40,Employed,31214,16735,Education,4,0,79468,0.89,0.36,10,0
984,31,Unemployed,55454,16830,Home,23,1,29299,0.97,0.38,3,0
985,41,Employed,63303,48893,Education,12,7,90715,0.05,0.42,4,1
986,19,Employed,43688,45673,Education,2,0,70793,0.36,0.55,1,0
987,62,Employed,10936,24926,Education,4,6,46501,0.21,0.55,13,1
988,43,Self-employed,52984,46066,Car,5,4,57134,0.76,0.5,8,1
989,31,Employed,56551,35779,Home,3,2,9777,0.64,0.31,4,0
990,68,Employed,56064,4373,Home,9,6,11249,0.12,0.93,6,1
991,24,Employed,68536,11335,Car,21,8,21390,0.48,0.59,11,1
992,20,Employed,33934,24741,Home,18,1,20369,0.69,0.41,3,0
993,64,Employed,60203,11692,Education,11,7,12881,0.78,0.65,11,1
994,40,Employed,67887,48295,Home,3,8,9587,0.02,0.77,12,1
995,63,Unemployed,23321,46541,Home,23,2,93800,0.89,0.96,11,0
996,60,Employed,54794,35057,Home,2,1,74327,0.57,0.5,6,0
997,64,Employed,42437,2447,Home,9,6,87911,0.81,0.11,12,0
998,62,Unemployed,48777,20583,Car,14,4,88147,0.81,0.44,11,1
999,35,Self-employed,55215,23765,Education,4,4,7833,0.19,0.48,9,1
1000,55,Employed,42691,24906,Car,9,9,47013,0.11,0.9,9,1
